heart_index,first_minimum_wanderer_influence,first_minimum_input_coverage,minimum_pair_union,minimum_heart_separation,total_heart_separation,minimum_pair_balance,minimum_complement,dominated_pair_count,flow_area,arrival_total,maximum_arrival_skew,directed_diameter,mean_wanderer_shortest_path_x1000,worst_wanderer_mean_shortest_path_x1000,minimum_wanderers_reached_within_four_edges,mean_four_edge_wanderer_reach_x1000,redundant_early_branch_fraction_x1000,pair_component_count,minimum_subset_expansion,total_subset_expansion,minimum_one_round_wanderer_fanout,mean_one_round_wanderer_fanout_x1000,minimum_source_orbiter_journey_area,minimum_dual_tail_wanderer_reach,mean_dual_tail_wanderer_reach_x1000,maximum_orbiter_shortest_path_load_x1000,maximum_ordered_source_orphan_area,mean_ordered_source_orphan_area_x1000,maximum_last_orphan_latency,maximum_orphan_straggler_gap,maximum_midpoint_source_orphans,maximum_midpoint_destination_orphan_load,maximum_midpoint_co_orphan_load,maximum_source_meeting_area,mean_source_pair_meeting_latency_x1000,maximum_robust_orphans,mean_robust_orphans_x1000,maximum_ordered_destination_orphan_area,maximum_dual_tail_source_orphan_area,mean_dual_tail_source_orphan_area_x1000,maximum_robust_destination_orphans,maximum_single_orbiter_ordered_pair_damage,mean_single_orbiter_ordered_pair_damage_x1000,minimum_surviving_fanout_after_one_orbiter_removal,maximum_dual_tail_arrival_skew
0,15,11,15,3,41,0,0,11,6280,3894,24,10,3527,4000,9,9818,627,3,409,717294,10,1000,29,5,863,260,86,53909,11,4,9,9,8,120,9545,9,5727,69,116,92818,9,21,9909,4,11
1,15,11,15,2,40,0,0,11,6275,3894,24,9,3518,3900,9,9818,636,3,409,717296,10,1000,29,5,863,260,85,53000,11,5,9,8,7,115,8909,9,5454,70,116,92909,8,24,9363,4,11
2,15,11,15,2,46,0,0,11,6206,3894,24,9,3572,4100,9,9727,636,3,409,717298,10,1000,37,5,709,266,78,55818,11,7,9,8,7,126,10709,9,6727,72,114,104909,9,21,12363,4,11
3,15,11,15,3,49,0,0,11,6216,3944,49,9,3581,4100,9,9909,645,3,409,717294,10,1000,32,6,754,271,83,56272,12,7,9,8,7,126,10709,9,6636,72,116,102545,9,22,13090,4,11
4,15,11,15,3,49,0,2,10,6242,4094,49,9,3618,4100,9,9909,636,3,409,717293,10,1000,30,5,790,275,85,56000,12,6,9,8,7,124,10109,9,6272,68,118,99000,8,24,15636,4,11
5,15,11,15,3,46,0,2,11,6229,4169,49,10,3581,4100,9,9727,627,3,409,717294,10,1000,30,5,781,275,86,58545,12,6,9,8,7,133,10109,9,6363,74,118,99727,8,26,17545,4,11
6,15,11,15,3,48,0,0,11,6225,3994,49,9,3509,3900,10,10000,627,3,409,717295,10,1000,30,6,772,259,85,56181,12,6,9,9,8,122,10036,9,5727,72,116,100363,8,23,14181,4,11
7,15,11,15,2,47,0,2,10,6253,4019,49,10,3536,3900,9,9909,645,3,409,717303,10,1000,26,4,763,265,88,56272,12,6,9,8,7,123,10036,9,6090,65,118,96363,8,21,13454,4,11
8,15,11,15,2,41,0,1,11,6217,4119,49,10,3536,3900,9,9909,645,3,409,717296,10,1000,32,5,754,255,82,55727,12,4,9,8,7,128,10581,9,6818,67,118,99818,9,26,17909,4,11
9,15,11,15,2,46,0,1,11,6210,3994,49,9,3554,4000,9,9909,618,3,409,717296,10,1000,32,5,736,264,83,57363,12,7,9,8,7,138,10927,9,6727,72,116,103909,9,22,13727,4,11
10,15,11,15,2,52,0,3,11,6226,4119,49,10,3518,3900,9,9909,636,3,409,717296,10,1000,30,5,727,255,85,57090,12,6,9,9,7,134,10127,9,6545,70,118,100545,9,25,16909,4,11
11,15,11,15,2,46,0,2,10,6226,4094,49,10,3563,4000,9,9909,645,3,409,717298,10,1000,30,5,763,258,85,56727,12,7,9,8,7,126,10218,9,6272,71,118,101090,8,25,15636,4,11
12,15,11,15,2,51,0,3,10,6229,4119,49,9,3563,3900,9,9909,618,3,409,717295,10,1000,30,4,745,258,83,55818,12,5,9,8,7,124,10200,9,6272,66,118,100545,9,25,16000,4,11
13,15,11,15,2,42,0,2,11,6220,4019,49,9,3545,3900,9,9909,636,3,409,717295,10,1000,29,5,781,280,85,57636,12,3,9,8,7,138,10581,9,6181,75,118,96727,9,24,14090,4,11
14,15,11,15,2,51,0,3,11,6212,4094,49,9,3509,3900,10,10000,618,3,409,717291,10,1000,29,5,718,252,86,56818,12,6,9,8,7,129,10200,9,6363,68,118,100818,8,26,15545,4,11
15,15,11,15,2,42,0,1,10,6263,4044,49,9,3545,4000,9,9909,627,3,409,717295,10,1000,28,4,790,272,87,53727,12,5,9,9,8,114,9363,9,6272,70,118,95636,9,23,14272,4,11
16,15,11,15,2,51,0,1,9,6202,4069,49,9,3527,3900,9,9909,627,3,409,717296,10,1000,27,5,727,262,87,58909,12,5,9,8,7,132,11090,9,6090,72,118,102909,8,24,15454,4,11
17,15,11,15,2,38,0,0,11,6240,4019,49,10,3527,3900,9,9909,645,3,409,717296,10,1000,33,6,836,262,84,55909,12,6,9,9,7,122,9636,9,6454,76,116,97818,9,22,14272,4,11
18,15,11,15,2,63,0,2,11,6164,4069,49,9,3527,3900,9,9909,627,3,409,717293,10,1000,30,6,690,266,86,58272,12,4,9,9,8,129,11200,9,6636,75,116,104818,9,25,16909,4,11
19,15,11,15,2,54,0,3,11,6172,4069,49,9,3536,3900,10,10000,636,3,409,717297,10,1000,30,5,681,263,85,59272,12,6,9,9,8,128,11127,9,6272,74,116,104909,9,27,17272,4,11
20,15,11,15,2,36,0,0,11,6205,3944,49,9,3536,4000,10,10000,636,3,409,717297,10,1000,29,7,800,268,87,56636,12,6,9,9,8,112,9290,9,6181,76,116,99727,9,23,11181,4,11
21,15,11,15,2,38,0,0,11,6197,3944,49,9,3518,3900,9,9909,636,3,409,717293,10,1000,29,6,781,255,87,55090,12,6,9,9,8,112,9290,9,5818,76,116,101000,9,22,11000,4,11
22,15,11,15,2,36,0,0,11,6204,3994,49,9,3518,3800,10,10000,627,3,409,717292,10,1000,29,7,836,265,88,56454,12,5,9,9,8,112,9254,9,6454,74,116,99181,9,25,13909,4,11
23,15,11,14,3,40,0,1,11,6245,4044,49,9,3554,4000,9,9909,636,3,409,717302,10,1000,26,4,836,264,90,55090,12,6,9,8,7,143,9945,9,6181,72,120,96090,9,24,14090,4,11
24,15,11,15,3,54,0,3,10,6231,4194,49,9,3536,3900,10,10000,636,3,409,717298,10,1000,23,4,727,265,93,57454,12,4,9,8,7,137,10545,9,6727,66,120,98454,8,26,19181,4,11
25,15,11,15,2,63,0,3,7,6226,4144,49,10,3554,4000,10,10000,681,3,409,717294,10,1000,23,4,718,262,91,58181,12,6,9,8,7,138,10654,9,6181,77,120,98727,9,27,17181,4,11
26,15,11,14,2,38,0,1,10,6267,4094,49,9,3563,3900,9,9909,627,3,409,717298,10,1000,22,4,836,259,94,54636,12,4,9,8,7,135,9563,9,6090,72,120,92909,9,27,15181,4,11
27,15,11,14,2,37,0,1,10,6255,4044,49,9,3500,3800,10,10000,609,3,409,717293,10,1000,22,4,845,260,95,54545,12,5,9,8,7,142,9690,9,5909,69,120,94909,9,23,13636,4,11
28,15,11,14,2,36,0,1,11,6262,4094,49,9,3581,3900,9,9909,618,3,409,717294,10,1000,22,4,845,274,95,55727,12,4,9,8,7,142,9745,9,6090,75,120,94545,9,27,15545,4,11
29,15,11,15,2,53,0,3,10,6161,4069,49,9,3554,4000,9,9909,627,3,409,717299,10,1000,35,6,690,268,81,60818,12,5,9,8,7,126,11018,9,7000,73,118,104727,9,24,16909,4,11
30,15,11,15,2,66,0,3,9,6172,4094,49,9,3518,3900,9,9818,645,3,409,717298,10,1000,34,5,663,261,82,59090,12,5,9,8,7,128,10890,9,6909,74,116,105545,9,27,18000,4,11
31,15,11,15,3,63,0,2,10,6168,4219,49,10,3536,3800,10,10000,672,3,409,717299,10,1000,34,5,681,262,81,58090,12,5,9,9,7,128,10745,9,6545,74,118,105909,9,28,20000,4,11
32,15,11,15,3,58,0,2,10,6156,4094,49,9,3518,3800,10,10000,618,3,409,717297,10,1000,34,4,627,260,81,57636,12,5,9,9,7,127,11145,9,6727,69,118,107000,9,24,16909,4,11
33,15,11,15,3,64,0,2,11,6226,4169,49,10,3536,3900,9,9909,618,3,409,717295,10,1000,34,6,718,254,83,56272,12,6,9,9,7,127,10072,9,6727,78,116,102000,9,24,18454,4,11
34,15,11,15,2,51,0,2,11,6217,4094,49,9,3500,3900,9,9909,645,3,409,717295,10,1000,34,5,700,258,80,54818,12,6,9,9,7,128,10090,9,6545,72,116,103636,8,27,16727,4,11
35,15,11,15,2,54,0,2,10,6180,4144,49,9,3527,3900,9,9818,627,3,409,717296,10,1000,33,5,709,263,85,59000,12,5,9,9,8,126,10654,9,6545,71,118,103727,9,26,18090,4,11
36,15,11,15,3,65,0,3,10,6155,4169,49,10,3563,4000,9,9727,627,3,409,717294,10,1000,33,5,672,264,80,58181,12,6,9,8,7,138,11400,9,6636,71,118,107909,9,26,19090,4,11
37,15,11,15,2,60,0,2,10,6169,4144,49,10,3572,4000,9,9909,627,3,409,717294,10,1000,33,5,709,265,83,61090,12,5,9,9,8,128,11418,9,6818,73,118,105818,9,24,18454,4,11
38,15,11,15,2,76,0,3,9,6175,4069,49,9,3518,3900,9,9909,654,3,409,717294,10,1000,34,5,654,253,80,58181,12,6,9,9,8,127,10327,9,6545,78,116,104636,9,27,16090,4,11
39,15,11,15,2,62,0,2,11,6152,4194,49,9,3500,3900,9,9909,627,3,409,717295,10,1000,33,5,700,260,83,60181,12,6,9,9,8,135,11090,9,6636,82,118,106909,9,26,19090,4,11
40,15,11,15,2,41,0,1,11,6203,4094,49,10,3545,3900,9,9909,627,3,409,717296,10,1000,32,5,736,255,82,58000,12,4,9,8,7,133,11309,9,6909,72,118,102181,9,23,16909,4,11
41,15,11,15,2,56,0,3,7,6170,4044,49,9,3536,3900,9,9818,627,3,409,717298,10,1000,32,4,672,275,85,58545,12,6,9,9,8,127,10545,9,6727,71,118,104727,9,26,15909,4,11
42,15,11,15,2,46,0,1,11,6214,4044,49,9,3536,3900,10,10000,636,3,409,717298,10,1000,32,5,727,258,85,56727,12,7,9,8,7,139,10636,9,6727,72,120,104000,9,25,15818,4,11
43,15,11,15,2,46,0,1,11,6200,3969,49,10,3545,3900,9,9818,636,3,409,717297,10,1000,32,4,690,268,82,56727,12,7,9,8,7,142,11000,9,6909,72,120,106090,9,23,13636,4,11
44,15,11,15,2,61,0,3,10,6162,4194,49,10,3518,3900,9,9909,618,3,409,717300,10,1000,31,5,690,261,85,60181,12,5,9,9,8,131,11545,9,7000,72,118,106636,9,25,19545,4,11
45,15,11,15,2,36,0,2,11,6247,4019,49,9,3545,4100,10,10000,627,3,409,717294,10,1000,31,4,754,259,82,55000,12,4,9,8,7,127,10200,9,6363,68,120,96000,8,24,14181,4,11
46,15,11,15,3,62,0,2,11,6213,4094,49,10,3527,4000,9,9818,618,3,409,717295,10,1000,31,5,690,266,83,57181,12,6,9,8,7,137,11054,9,6272,71,118,101727,9,22,15363,4,11
47,15,11,15,2,55,0,3,9,6177,4044,49,10,3490,3900,10,10000,618,3,409,717297,10,1000,31,4,636,265,82,56909,12,5,9,9,8,127,10727,9,7000,71,118,103090,9,27,17181,4,11
48,15,11,15,2,60,0,2,8,6176,4094,49,9,3554,4100,9,9909,609,3,409,717299,10,1000,31,5,681,261,84,58636,12,6,9,9,8,124,10763,9,7000,72,118,104818,9,22,17090,4,11
49,15,11,15,3,65,0,3,6,6173,4094,49,10,3636,4100,9,9727,618,3,409,717293,10,1000,31,5,690,267,85,57363,12,6,9,8,7,125,10800,9,6545,69,118,105909,9,22,16727,4,11
50,15,11,15,2,36,0,2,11,6197,4044,49,9,3509,3800,10,10000,618,3,409,717295,10,1000,31,4,763,260,87,60000,12,4,9,8,7,143,10818,9,6272,71,120,99909,9,21,15909,4,11
51,15,11,15,2,54,0,3,9,6167,4169,49,10,3545,3900,9,9818,636,3,409,717293,10,1000,31,4,636,270,83,57818,12,5,9,8,7,131,10709,9,6818,75,118,104909,9,27,18909,4,11
52,15,11,15,3,65,0,2,9,6170,4119,49,9,3545,4000,9,9909,636,3,409,717297,10,1000,31,5,672,268,86,57000,12,5,9,9,7,126,10745,9,7000,69,118,105545,9,24,18090,4,11
53,15,11,15,2,58,0,2,11,6164,4119,49,10,3500,3900,9,9909,618,3,409,717297,10,1000,31,4,700,257,84,60545,12,6,9,8,7,145,11654,9,6272,74,120,104727,9,24,17272,4,11
54,15,11,15,2,70,0,4,9,6153,4169,49,9,3554,3900,9,9818,636,3,409,717301,10,1000,31,5,618,257,85,58545,12,6,9,9,8,126,10800,9,7454,72,118,108454,9,27,20454,4,11
55,15,11,15,3,70,0,4,8,6160,4194,49,10,3545,3900,9,9909,636,3,409,717300,10,1000,31,5,609,274,83,60090,12,6,9,9,7,128,11054,9,6545,80,118,107272,8,26,19545,4,11
56,15,11,15,3,58,0,2,11,6218,4144,49,9,3500,3900,9,9909,654,3,409,717298,10,1000,30,5,718,260,85,56090,12,6,9,9,7,122,9636,9,6727,70,118,100545,8,28,19363,4,11
57,15,11,14,2,41,0,3,10,6212,4094,49,9,3536,3900,9,9909,627,3,409,717296,10,1000,30,4,736,255,86,56545,12,4,9,8,7,128,10581,9,6818,71,120,100545,9,24,17909,4,11
58,15,11,15,2,45,0,3,11,6213,4069,49,10,3600,4100,9,9818,618,3,409,717294,10,1000,30,5,718,262,84,58454,12,6,9,8,7,143,11254,9,6818,72,118,104545,9,23,16818,4,11
59,15,11,15,2,65,0,3,10,6185,4144,49,10,3490,3800,10,10000,627,3,409,717294,10,1000,30,4,645,257,85,55454,12,5,9,9,8,122,9927,9,6727,71,118,103181,9,26,17363,4,11
60,15,11,15,2,59,0,3,11,6225,4144,49,9,3518,3900,10,10000,627,3,409,717297,10,1000,30,5,718,271,87,56636,12,6,9,9,7,116,9709,9,7090,72,118,100727,8,28,19000,4,11
61,15,11,15,3,65,0,3,11,6221,4169,49,10,3572,4000,9,9818,609,3,409,717299,10,1000,30,5,690,272,87,57545,12,6,9,8,7,131,10600,9,6818,70,118,103090,9,24,18363,4,11
62,15,11,15,2,35,0,1,11,6213,4069,49,10,3518,3900,10,10000,618,3,409,717294,10,1000,30,5,763,265,85,57909,12,6,9,8,7,136,10218,9,6090,74,118,101363,9,26,14636,4,11
63,15,11,15,3,65,0,3,6,6167,4094,49,9,3600,4100,9,9818,636,3,409,717295,10,1000,30,5,681,267,86,59545,12,5,9,8,7,128,11472,9,6818,74,118,106818,9,23,17181,4,11
64,15,11,15,3,70,0,3,9,6176,4169,49,9,3536,3900,10,10000,618,3,409,717296,10,1000,30,5,700,277,85,59000,12,5,9,8,7,128,10927,9,6545,69,118,104545,9,25,18909,4,11
65,15,11,15,2,52,0,3,11,6180,4169,49,10,3500,3900,9,9909,618,3,409,717293,10,1000,30,5,645,259,87,56727,12,7,9,9,8,122,10200,9,6818,72,118,104272,9,26,18545,4,11
66,15,11,15,3,64,0,3,7,6167,4119,49,10,3536,3900,9,9727,627,3,409,717296,10,1000,30,4,690,261,84,59000,12,6,9,8,7,125,10818,9,6727,69,118,105181,9,23,17363,4,11
67,15,11,15,2,62,0,4,9,6164,4119,49,10,3590,4000,9,9909,618,3,409,717296,10,1000,30,5,645,268,86,57545,12,6,9,9,7,122,10690,9,6727,75,118,106454,9,23,17363,4,11
68,15,11,15,3,70,0,4,9,6154,4169,49,9,3581,4000,9,9909,609,3,409,717297,10,1000,30,5,627,265,87,58636,12,6,9,9,7,126,10927,9,6818,74,118,107727,9,24,18000,4,11
69,15,11,15,2,60,0,3,11,6219,4144,49,10,3554,3900,9,9909,627,3,409,717296,10,1000,30,5,718,260,86,56818,12,6,9,8,7,131,10600,9,6818,78,118,103090,9,26,19363,4,11
70,15,11,15,2,46,0,2,11,6213,4194,49,9,3563,3900,9,9909,627,3,409,717302,10,1000,30,5,754,273,86,59727,12,7,9,8,7,135,10181,9,6363,76,118,102090,8,26,18090,4,11
71,15,11,15,2,48,0,1,11,6189,3994,49,9,3509,3900,10,10000,627,3,409,717296,10,1000,30,5,781,277,83,57090,12,7,9,8,7,137,10672,9,6454,69,118,101272,8,23,13545,4,11
72,15,11,15,2,46,0,1,11,6189,3994,49,9,3518,3900,10,10000,618,3,409,717297,10,1000,30,5,790,260,83,57454,12,7,9,8,7,137,10672,9,6363,69,118,100818,9,23,13818,4,11
73,15,11,15,3,52,0,3,10,6145,4169,49,9,3509,3900,10,10000,618,3,409,717295,10,1000,30,4,672,262,84,61727,12,4,9,8,7,133,11490,9,6454,76,118,104818,9,23,17727,4,11
74,15,11,15,2,48,0,2,11,6214,4169,49,10,3554,3900,9,9818,627,3,409,717294,10,1000,30,5,763,256,88,58818,12,6,9,8,7,135,10181,9,6454,76,118,102000,8,27,18181,4,11
75,15,11,15,2,52,0,3,11,6157,4069,49,9,3518,3900,10,10000,663,3,409,717295,10,1000,30,5,700,265,86,59181,12,6,9,9,8,124,10109,9,6454,82,118,105545,9,27,16545,4,11
76,15,11,15,3,60,0,3,10,6140,4119,49,10,3518,3900,9,9909,609,3,409,717299,10,1000,30,4,672,255,84,61636,12,5,9,8,7,130,11636,9,6636,74,118,106454,9,23,17909,4,11
77,15,11,15,2,51,0,2,11,6139,4044,49,10,3518,3900,10,10000,627,3,409,717295,10,1000,30,4,736,258,84,60454,12,5,9,8,7,144,11418,9,6909,74,118,105909,9,26,15727,4,11
78,15,11,15,2,38,0,1,11,6217,4044,49,10,3572,4100,9,9909,636,3,409,717295,10,1000,30,5,809,272,84,55909,12,6,9,8,7,142,9400,9,6090,74,118,97545,9,26,14090,4,11
79,15,11,15,2,51,0,2,11,6201,4044,49,9,3554,3900,9,9909,627,3,409,717302,10,1000,30,5,754,267,86,56636,12,6,9,9,7,131,10127,9,6545,69,118,101545,9,24,14636,4,11
80,15,11,15,2,51,0,3,11,6173,4069,49,9,3518,3900,9,9909,627,3,409,717298,10,1000,30,5,709,259,86,57272,12,6,9,9,8,117,9800,9,6636,75,118,103545,8,27,16000,4,11
81,15,11,15,2,45,0,1,11,6237,4069,49,10,3545,3900,9,9909,618,3,409,717296,10,1000,29,5,763,258,86,57181,12,5,9,9,8,145,10709,9,5909,69,118,96636,9,21,15000,4,11
82,15,11,15,2,54,0,2,11,6187,4219,49,10,3554,4000,9,9818,636,3,409,717294,10,1000,29,5,754,270,84,59727,12,6,9,9,8,126,10563,9,6727,71,118,102181,9,27,18636,4,11
83,15,11,15,2,53,0,2,11,6183,4219,49,9,3536,4000,9,9909,618,3,409,717295,10,1000,29,5,727,270,84,60000,12,6,9,9,8,126,10563,9,6545,71,118,102818,9,28,18727,4,11
84,15,11,15,2,64,0,3,10,6177,4194,49,10,3581,3900,9,9909,627,3,409,717298,10,1000,29,4,700,268,88,61454,12,6,9,8,7,140,11381,9,6545,73,120,104909,9,24,20000,4,11
85,15,11,15,3,64,0,3,10,6171,4144,49,9,3563,4000,9,9818,636,3,409,717295,10,1000,29,4,672,262,85,58363,12,7,9,8,7,139,11436,9,6363,73,120,106000,9,24,17363,4,11
86,15,11,15,2,59,0,3,10,6167,4169,49,9,3536,4000,9,9909,627,3,409,717297,10,1000,29,4,681,272,86,59181,12,6,9,8,7,140,11381,9,6454,73,120,105181,9,25,19181,4,11
87,15,11,15,2,68,0,3,11,6159,4269,49,9,3536,4000,9,9818,636,3,409,717302,10,1000,29,5,690,268,85,60636,12,6,9,9,8,133,11618,9,6636,77,118,106636,9,27,21363,4,11
88,15,11,15,3,63,0,3,10,6173,4169,49,9,3518,3900,9,9909,645,3,409,717298,10,1000,29,5,727,259,86,60000,12,6,9,8,7,144,11181,9,6363,71,120,102727,8,26,19545,4,11
89,15,11,15,2,71,0,3,11,6151,4244,49,10,3518,4000,9,9909,636,3,409,717294,10,1000,29,4,618,265,84,58636,12,5,9,9,8,133,11618,9,6545,70,118,107363,9,28,20363,4,11
90,15,11,15,2,56,0,2,9,6154,4044,49,9,3518,3900,10,10000,618,3,409,717296,10,1000,29,5,700,263,85,61181,12,6,9,8,7,134,11672,9,6545,78,118,104636,9,27,15000,4,11
91,15,11,15,2,66,0,3,8,6212,4069,49,9,3554,4000,9,9909,627,3,409,717303,10,1000,29,4,690,277,85,56727,12,5,9,8,7,139,10745,9,6454,72,120,102727,9,22,15363,4,11
92,15,11,15,2,45,0,3,10,6224,4094,49,10,3563,4000,9,9818,636,3,409,717298,10,1000,29,4,718,263,87,56454,12,7,9,8,7,131,10763,9,7000,77,120,103545,8,24,16727,4,11
93,15,11,15,3,70,0,3,9,6169,4144,49,9,3581,4000,9,9818,636,3,409,717299,10,1000,29,4,681,277,85,58727,12,7,9,8,7,139,11436,9,6545,71,120,105909,9,23,17272,4,11
94,15,11,15,2,66,0,3,11,6181,4144,49,10,3518,3900,9,9909,645,3,409,717293,10,1000,29,5,718,259,84,60818,12,5,9,8,7,136,11309,9,6272,76,118,103000,9,24,17454,4,11
95,15,11,15,2,52,0,2,11,6162,4069,49,10,3554,3900,10,10000,627,3,409,717293,10,1000,29,5,700,255,86,60454,12,5,9,8,7,136,11545,9,6636,76,118,103818,8,21,14545,4,11
96,15,11,15,2,36,0,1,11,6236,4019,49,9,3518,3800,10,10000,609,3,409,717298,10,1000,28,4,754,262,87,54636,12,6,9,9,7,116,9709,9,6818,68,118,99272,9,24,15000,4,11
97,15,11,15,2,42,0,2,11,6199,4094,49,9,3509,3900,9,9909,627,3,409,717295,10,1000,28,5,727,259,85,56545,12,5,9,9,8,122,9927,9,6636,70,118,100000,9,24,15636,4,11
98,15,11,15,2,45,0,1,10,6198,3969,49,9,3500,3900,9,9818,627,3,409,717296,10,1000,28,4,700,258,87,55181,12,4,9,9,8,122,10200,9,6363,70,118,101454,9,23,12727,4,11
99,15,11,15,2,45,0,0,11,6197,4069,49,10,3536,3800,9,9909,618,3,409,717300,10,1000,28,5,736,257,84,56090,12,5,9,9,8,120,9981,9,6545,70,118,101181,9,23,15909,4,11
100,15,11,15,2,45,0,0,11,6190,4119,49,9,3536,3900,10,10000,609,3,409,717296,10,1000,28,5,745,257,85,56000,12,5,9,9,8,120,9854,9,6727,68,118,102272,9,25,16181,4,11
101,15,11,15,2,46,0,1,10,6194,3969,49,9,3509,3900,9,9818,645,3,409,717294,10,1000,28,4,709,268,86,55636,12,6,9,9,8,122,9872,9,6454,70,118,102272,9,24,12545,4,11
102,15,11,15,3,66,0,3,8,6176,4119,49,10,3518,3900,9,9909,654,3,409,717297,10,1000,28,4,672,265,85,57818,12,5,9,8,7,135,10872,9,6727,73,120,104636,8,24,18363,4,11
103,15,11,15,2,40,0,2,9,6189,4144,49,9,3554,4000,9,9909,627,3,409,717294,10,1000,28,4,672,273,86,59636,12,4,9,8,7,131,10781,9,6818,74,118,103363,9,27,17636,4,11
104,15,11,15,2,53,0,3,10,6226,4144,49,10,3536,3900,9,9818,636,3,409,717296,10,1000,28,4,745,257,83,57363,12,6,9,8,7,130,10345,9,6181,76,120,98454,9,24,16909,4,11
105,15,11,15,3,64,0,3,10,6220,4144,49,10,3572,4000,9,9818,636,3,409,717297,10,1000,28,5,690,266,86,56636,12,6,9,8,7,127,10436,9,6545,68,118,101454,9,24,18454,4,11
106,15,11,15,3,69,0,3,10,6215,4144,49,10,3572,4100,9,9727,636,3,409,717294,10,1000,28,5,681,268,86,58090,12,6,9,8,7,130,10763,9,6636,72,118,102000,9,22,17727,4,11
107,15,11,15,3,54,0,2,8,6168,4094,49,9,3581,4000,9,9818,618,3,409,717295,10,1000,28,5,700,263,86,59636,12,5,9,8,7,132,11618,9,6818,74,118,106181,9,22,17000,4,11
108,15,11,15,2,53,0,1,10,6196,4069,49,9,3527,3800,9,9818,627,3,409,717296,10,1000,28,6,763,269,88,55909,12,6,9,9,8,117,9818,9,6272,70,118,100818,8,23,15363,4,11
109,15,11,14,2,52,0,1,8,6230,4044,49,10,3490,3900,10,10000,627,3,409,717295,10,1000,28,4,727,259,87,55181,12,5,9,8,7,142,9527,9,6909,76,120,99363,9,25,16181,4,11
110,15,11,15,2,52,0,3,7,6203,4169,49,9,3554,3900,9,9909,609,3,409,717294,10,1000,28,4,718,276,88,57454,12,6,9,8,7,130,10272,9,6818,71,120,102272,8,24,18181,4,11
111,15,11,15,2,63,0,3,9,6174,4069,49,9,3527,3800,10,10000,645,3,409,717296,10,1000,28,5,690,274,87,57818,12,4,9,9,8,117,9800,9,6090,77,118,103000,9,24,15636,4,11
112,15,11,15,2,61,0,2,11,6163,4219,49,10,3545,3900,9,9909,645,3,409,717294,10,1000,33,5,727,261,85,60181,12,6,9,9,7,141,11436,9,6636,69,118,104636,9,25,19272,4,11
113,15,11,15,2,38,0,1,11,6171,4094,49,9,3518,3900,10,10000,618,3,409,717294,10,1000,28,5,790,258,88,58636,12,3,9,9,8,127,10763,9,5909,76,118,100000,9,22,14181,4,11
114,15,11,14,2,46,0,1,10,6258,4069,49,10,3490,3900,9,9909,627,3,384,717294,10,1000,28,4,809,256,87,55181,12,7,9,8,7,132,9363,9,6363,76,120,97727,8,22,14090,4,11
115,15,11,14,2,47,0,1,11,6258,4069,49,10,3500,3800,10,10000,618,3,409,717294,10,1000,28,4,809,274,88,54454,12,7,9,8,7,132,9363,9,6636,76,120,96818,9,25,15000,4,11
116,15,11,15,2,39,0,2,11,6251,4069,49,9,3536,3800,10,10000,627,3,409,717296,10,1000,27,4,772,265,89,55454,12,4,9,8,7,125,10054,9,6363,66,120,95363,8,21,15636,4,11
117,15,11,15,2,57,0,1,11,6200,4194,49,10,3518,3800,10,10000,636,3,409,717296,10,1000,27,5,736,264,86,58000,12,6,9,9,8,128,10909,9,6363,75,118,102272,9,25,19000,4,11
118,15,11,15,2,39,0,1,11,6233,4144,49,9,3536,4000,10,10000,654,3,409,717295,10,1000,27,5,781,266,87,56181,12,6,9,9,8,126,9709,9,6090,75,118,98909,9,25,16727,4,11
119,15,11,15,2,46,0,1,11,6247,4069,49,10,3545,4000,9,9909,645,3,409,717299,10,1000,27,4,745,268,89,54818,12,6,9,8,7,125,10109,9,6090,75,120,98636,9,21,14454,4,11
120,15,11,15,2,53,0,0,11,6200,4069,49,9,3518,4000,9,9818,618,3,409,717296,10,1000,27,5,718,261,87,58272,12,5,9,8,7,134,11127,9,6090,72,118,102909,8,22,15181,4,11
121,15,11,15,2,51,0,2,11,6176,4144,49,10,3536,3900,9,9909,654,3,409,717294,10,1000,27,5,718,263,91,59636,12,7,9,8,7,128,11018,9,6181,68,120,103090,8,24,16818,4,11
122,15,11,15,3,51,0,2,10,6174,4194,49,9,3527,3900,9,9909,627,3,409,717300,10,1000,27,5,727,269,90,59363,12,7,9,8,7,132,11090,9,6454,74,120,103727,8,28,19272,4,11
123,15,11,15,2,54,0,1,11,6181,4144,49,9,3509,3800,10,10000,627,3,409,717294,10,1000,27,6,754,258,88,57272,12,6,9,9,8,120,10563,9,5727,75,118,101272,8,25,17090,4,11
124,15,11,15,2,55,0,1,11,6180,4144,49,9,3527,3800,10,10000,618,3,409,717293,10,1000,27,6,745,267,88,57545,12,6,9,9,8,120,10563,9,6181,75,118,101636,8,25,17545,4,11
125,15,11,15,2,52,0,3,11,6179,4144,49,9,3490,3900,9,9909,645,3,409,717298,10,1000,27,4,718,262,87,59636,12,6,9,8,7,139,11309,9,6181,75,120,102545,8,24,18909,4,11
126,15,11,15,3,72,0,4,8,6154,4244,49,9,3554,4000,9,9909,627,3,409,717294,10,1000,27,4,636,269,87,60363,12,6,9,8,7,134,11363,9,6636,79,120,105636,8,28,21909,4,11
127,15,11,15,2,56,0,3,9,6186,4119,49,9,3509,3900,9,9909,645,3,409,717298,10,1000,27,4,663,266,89,58363,12,5,9,8,7,144,11054,9,6727,71,120,104000,9,27,18636,4,11
128,15,11,15,2,57,0,2,7,6196,4044,49,9,3500,3800,10,10000,627,3,409,717296,10,1000,28,3,690,264,87,56272,12,7,9,9,8,127,9818,9,7000,75,120,105363,9,28,16545,4,11
129,15,11,15,2,52,0,2,9,6220,4144,49,10,3527,3900,9,9909,618,3,409,717294,10,1000,26,3,718,259,89,56727,12,5,9,8,7,131,10090,9,6272,68,120,100545,9,23,17181,4,11
130,15,11,14,2,67,0,3,8,6202,4169,49,9,3536,3900,9,9909,636,3,409,717295,10,1000,26,4,654,265,89,59636,12,5,9,8,7,146,10963,9,6454,72,120,102636,9,27,18909,4,11
131,15,11,15,3,58,0,2,11,6164,4094,49,10,3527,3900,9,9818,627,3,409,717296,10,1000,26,3,690,258,87,60090,12,5,9,8,7,147,11690,9,6363,75,120,104272,9,25,16727,4,11
132,15,11,14,2,51,0,2,8,6218,4069,49,9,3545,3900,10,10000,618,3,409,717294,10,1000,26,4,754,282,88,57727,12,6,9,8,7,134,10381,9,6727,70,120,99727,8,23,14818,4,11
133,15,11,14,2,71,0,4,6,6177,4044,49,9,3536,4000,10,10000,618,3,409,717301,10,1000,26,3,545,274,87,58090,12,5,9,8,7,149,11836,9,6727,72,120,107545,9,22,16545,4,11
134,15,11,14,3,59,0,3,9,6183,4144,49,10,3581,4000,9,9818,609,3,409,717297,10,1000,26,4,718,264,90,58818,12,6,9,8,7,141,10490,9,6727,70,120,102818,9,23,18636,4,11
135,15,11,15,2,64,0,3,11,6176,4169,49,9,3509,3900,10,10000,627,3,409,717293,10,1000,26,5,718,266,89,59363,12,4,9,8,7,131,11036,9,6454,67,118,103818,8,31,18000,4,11
136,15,11,14,2,61,1,3,6,6183,4169,49,9,3572,3900,10,10000,618,3,409,717299,10,1000,26,4,672,259,90,59000,12,5,9,8,7,141,10527,9,6727,73,120,102909,9,25,19454,4,11
137,15,11,14,2,65,0,2,8,6160,4144,49,9,3527,3900,10,10000,672,3,409,717294,10,1000,26,3,663,273,86,59000,12,6,9,8,7,139,11236,9,6454,71,120,104909,8,29,19363,4,11
138,15,11,14,2,62,0,2,9,6182,4144,49,10,3554,3900,9,9909,618,3,409,717298,10,1000,26,3,709,270,90,58454,12,6,9,8,7,139,10454,9,6727,71,120,103363,9,26,18454,4,11
139,15,11,15,2,54,0,1,10,6214,4094,49,9,3500,3800,9,9909,645,3,409,717294,10,1000,25,5,772,260,92,57272,12,7,9,8,7,130,10436,9,6363,74,120,98545,9,23,15636,4,11
140,15,11,15,2,64,0,3,9,6192,4094,49,10,3545,3900,10,10000,636,3,409,717295,10,1000,25,4,690,262,91,58636,12,7,9,8,7,126,10509,9,6454,74,120,101090,9,25,16363,4,11
141,15,11,14,2,42,0,2,11,6199,4144,49,9,3500,3900,9,9909,609,3,409,717293,9,990,25,4,745,258,93,59636,12,6,9,8,7,140,10818,9,6454,76,120,101272,8,26,16818,4,11
142,15,11,15,2,45,0,2,10,6206,4144,49,9,3509,3900,10,10000,618,3,409,717297,10,1000,25,4,754,262,94,59000,12,4,9,8,7,140,10763,9,6181,76,120,98454,9,24,17181,4,11
143,15,11,15,3,63,0,3,7,6173,4119,49,10,3572,4000,9,9909,627,3,409,717295,10,1000,25,4,654,264,91,58545,12,6,9,8,7,147,11363,9,6818,67,120,105909,8,24,17727,4,11
144,15,11,15,2,63,0,3,8,6168,4094,49,10,3472,3900,9,9909,627,3,409,717293,10,1000,25,3,663,262,90,58272,12,6,9,8,7,148,11636,9,6545,69,120,104727,9,26,16272,4,11
145,15,11,15,2,63,0,4,10,6168,4219,49,9,3490,3900,9,9909,627,3,409,717296,10,1000,25,4,681,253,94,60727,12,5,9,8,7,143,11400,9,6545,76,120,103000,8,27,20090,4,11
146,15,11,15,2,45,0,2,11,6188,4144,49,10,3509,3900,10,10000,618,3,409,717295,10,1000,25,4,754,255,90,59363,12,6,9,8,7,136,11072,9,6545,69,120,100636,8,26,17545,4,11
147,15,11,15,2,53,0,3,10,6169,4319,49,9,3500,3900,10,10000,627,3,409,717297,10,1000,25,4,681,262,93,60363,12,6,9,8,7,143,11363,9,6454,76,120,103363,8,29,21272,4,11
148,15,11,15,2,77,0,3,10,6172,4244,49,10,3545,3900,10,10000,627,3,409,717298,10,1000,25,5,709,260,93,59272,12,6,9,8,7,146,11181,9,6545,77,120,102363,8,27,21454,4,11
149,15,11,15,3,63,0,3,9,6220,4094,49,9,3545,3900,9,9909,609,3,409,717298,10,1000,25,4,681,260,88,56181,12,5,9,9,8,128,10181,9,6363,74,120,100272,9,24,15363,4,11
150,15,11,15,2,55,0,3,9,6148,4169,49,9,3509,3900,9,9909,636,3,409,717296,10,1000,25,4,636,271,91,61090,12,6,9,8,7,150,11963,9,6454,73,120,105727,8,26,19818,4,11
151,15,11,14,2,56,0,2,7,6177,4119,49,9,3509,3900,9,9909,636,3,409,717294,10,1000,25,4,700,258,94,60363,12,4,9,8,7,148,11127,9,6454,76,120,103727,9,25,16818,4,11
152,15,11,14,2,54,0,3,10,6215,4119,49,10,3563,4000,9,9818,627,3,409,717294,10,1000,24,4,718,266,90,58909,12,5,9,8,7,139,10618,9,6181,70,120,100454,9,26,16636,4,11
153,15,11,15,2,54,0,3,8,6185,4069,49,9,3618,4000,9,9909,645,3,409,717298,10,1000,24,5,690,261,91,57363,12,5,9,8,7,130,10963,9,6818,73,120,103727,9,22,16727,4,11
154,15,11,14,3,52,0,3,6,6200,4144,49,9,3545,4000,10,10000,627,3,409,717296,10,1000,24,3,654,263,89,57909,12,5,9,8,7,137,10327,9,6454,71,120,102272,9,26,17090,4,11
155,15,11,15,3,63,0,3,8,6180,4094,49,9,3581,4000,9,9727,627,3,409,717299,10,1000,24,5,690,269,91,57454,12,5,9,8,7,134,10763,9,6909,72,120,104181,9,24,17818,4,11
156,15,11,15,3,63,0,3,8,6181,4094,49,9,3581,4100,9,9818,618,3,409,717293,10,1000,24,5,672,264,91,58818,12,5,9,8,7,132,11181,9,7000,72,120,104636,9,22,17454,4,11
157,15,11,14,2,53,0,3,11,6196,4119,49,9,3554,4000,10,10000,618,3,409,717296,10,1000,24,4,709,269,92,59090,12,5,9,8,7,142,11381,9,6636,72,120,103909,9,26,17636,4,11
158,15,11,14,3,63,0,3,9,6179,4069,49,9,3563,4000,9,9818,636,3,409,717296,10,1000,24,4,672,254,91,58000,12,5,9,8,7,138,11290,9,7000,72,120,105000,9,23,16909,4,11
159,15,11,14,3,61,0,3,6,6199,4069,49,10,3490,3900,10,10000,627,3,409,717296,10,1000,24,3,654,256,90,58636,12,5,9,8,7,139,10400,9,6636,74,120,102636,8,23,15818,4,11
160,15,11,14,2,46,0,2,10,6190,4169,49,9,3500,3800,9,9909,627,3,409,717296,9,990,24,4,754,261,91,59090,12,6,9,8,7,141,11090,9,6181,77,120,101363,8,24,17272,4,11
161,15,11,14,2,53,0,3,10,6194,4094,49,9,3590,4000,9,9909,645,3,409,717293,10,1000,24,4,700,260,92,60454,12,7,9,8,7,142,11436,9,7000,74,120,104000,9,24,17272,4,11
162,15,11,15,3,70,0,3,9,6160,4144,49,9,3572,3900,9,9909,618,3,409,717296,10,1000,24,5,709,274,92,60000,12,5,9,8,7,135,11527,9,6454,75,120,105000,8,27,18272,4,11
163,15,11,15,2,40,0,4,10,6198,4144,49,9,3554,3900,9,9909,627,3,409,717301,10,1000,24,4,681,264,91,57727,12,7,9,8,7,129,10636,9,6818,75,120,103090,9,28,19090,4,11
164,15,11,15,3,65,0,3,9,6166,4169,49,9,3527,3900,9,9909,636,3,409,717299,10,1000,24,4,700,262,91,58545,12,6,9,8,7,135,11090,9,6727,73,120,103272,8,27,20636,4,11
165,15,11,14,3,60,0,3,9,6166,4094,49,9,3563,4000,10,10000,618,3,409,717297,10,1000,24,4,681,275,91,60000,12,6,9,8,7,145,11581,9,6909,74,120,105454,9,23,18090,4,11
166,15,11,14,2,63,0,3,8,6159,4194,49,9,3572,3900,9,9909,609,3,409,717297,10,1000,24,4,663,257,91,60181,12,5,9,8,7,136,11309,9,6636,77,120,105090,8,25,19545,4,11
167,15,11,14,2,71,1,3,7,6150,4244,49,10,3536,3900,10,10000,618,3,409,717296,9,990,24,4,654,262,91,60363,12,6,9,8,7,136,11509,9,7272,78,120,106454,9,28,23363,4,11
168,15,11,14,3,71,1,3,6,6165,4219,49,9,3554,4000,9,9818,618,3,409,717292,9,990,24,4,654,264,91,59090,12,6,9,8,7,134,11200,9,6909,71,120,104181,9,28,19818,4,11
169,15,11,15,3,58,0,3,9,6157,4194,49,10,3509,3800,10,10000,627,3,409,717298,10,1000,24,4,663,263,91,58818,12,6,9,8,7,139,11236,9,6727,71,120,104818,8,26,20545,4,11
170,15,11,15,3,64,0,3,10,6213,4119,49,9,3536,3900,10,10000,618,3,409,717297,10,1000,24,4,709,269,92,58363,12,6,9,9,8,128,10290,9,6454,73,120,101090,8,30,17454,4,11
171,15,11,15,2,54,0,2,10,6250,4144,49,9,3509,3800,10,10000,636,3,409,717292,10,1000,23,4,736,275,93,55727,12,4,9,8,7,127,10072,9,5909,70,120,95454,8,24,16818,4,11
172,15,11,15,2,55,0,2,10,6235,4169,49,10,3500,3800,10,10000,627,3,409,717297,10,1000,23,4,754,264,93,57272,12,4,9,8,7,127,10345,9,6090,71,120,97000,8,27,18181,4,11
173,15,11,15,2,57,0,2,9,6224,4194,49,10,3509,3800,10,10000,627,3,409,717298,10,1000,23,4,736,267,91,56727,12,6,9,8,7,129,10418,9,5909,77,120,99000,8,25,18272,4,11
174,15,11,15,3,39,0,0,11,6242,4044,49,10,3536,3900,9,9909,627,3,409,717295,10,1000,23,4,772,267,92,55454,12,4,9,8,7,110,9254,9,6181,75,120,95727,9,23,14000,4,11
175,15,11,15,2,46,0,2,10,6215,4119,49,9,3509,3900,9,9818,654,3,409,717300,10,1000,22,4,754,265,95,58454,12,3,9,8,7,140,10763,9,6272,75,120,97181,9,24,17000,4,11
176,15,11,15,3,38,0,0,11,6240,4069,49,9,3554,4000,9,9909,627,3,409,717295,10,1000,22,5,818,264,95,56272,12,7,9,8,7,130,10000,9,6000,73,120,97454,8,26,14090,4,11
177,15,11,15,2,72,0,3,8,6169,4069,49,10,3509,3900,9,9909,636,3,409,717294,10,1000,34,4,627,264,81,58454,12,5,9,8,7,129,10927,9,6818,68,120,105909,9,25,16727,4,11
178,15,11,15,3,65,0,2,10,6163,4169,49,9,3500,3900,10,10000,627,3,409,717295,10,1000,34,4,645,261,82,58545,12,5,9,8,7,128,10745,9,6727,70,120,106272,9,26,19909,4,11
179,15,11,15,2,57,0,2,9,6202,4044,49,9,3509,3800,10,10000,618,3,409,717300,10,1000,34,4,645,267,80,54545,12,5,9,8,7,129,10218,9,6545,67,120,102363,9,25,15272,4,11
