rank,heart_index,top_40_sum,average_score,best_score,worst_top_40_score,trials_per_heart,raw_attempts,candidate_csv
1,2,7015,175.375000,177,175,4000000,4012209,heart_002_top_40.csv
2,3,6997,174.925000,180,174,4000000,4012317,heart_003_top_40.csv
3,17,6808,170.200000,173,169,4000000,4012464,heart_017_top_40.csv
4,22,6806,170.150000,171,169,4000000,4012484,heart_022_top_40.csv
5,29,6797,169.925000,174,169,4000000,4012684,heart_029_top_40.csv
6,6,6774,169.350000,171,169,4000000,4012145,heart_006_top_40.csv
7,37,6774,169.350000,174,168,4000000,4012486,heart_037_top_40.csv
8,21,6768,169.200000,171,168,4000000,4012426,heart_021_top_40.csv
9,20,6734,168.350000,170,168,4000000,4012602,heart_020_top_40.csv
10,36,6723,168.075000,173,167,4000000,4011846,heart_036_top_40.csv
11,58,6696,167.400000,171,166,4000000,4012526,heart_058_top_40.csv
12,1,6687,167.175000,170,166,4000000,4012450,heart_001_top_40.csv
13,0,6685,167.125000,169,166,4000000,4012587,heart_000_top_40.csv
14,9,6681,167.025000,170,166,4000000,4012594,heart_009_top_40.csv
15,30,6665,166.625000,170,166,4000000,4012652,heart_030_top_40.csv
16,76,6658,166.450000,169,166,4000000,4012907,heart_076_top_40.csv
17,34,6648,166.200000,169,165,4000000,4012584,heart_034_top_40.csv
18,44,6647,166.175000,169,165,4000000,4012623,heart_044_top_40.csv
19,38,6639,165.975000,169,165,4000000,4012543,heart_038_top_40.csv
20,8,6625,165.625000,168,165,4000000,4012896,heart_008_top_40.csv
21,49,6623,165.575000,168,165,4000000,4012516,heart_049_top_40.csv
22,46,6621,165.525000,168,165,4000000,4012463,heart_046_top_40.csv
23,12,6618,165.450000,169,164,4000000,4012647,heart_012_top_40.csv
24,40,6617,165.425000,168,165,4000000,4012772,heart_040_top_40.csv
25,11,6615,165.375000,167,164,4000000,4012455,heart_011_top_40.csv
26,63,6612,165.300000,168,164,4000000,4012523,heart_063_top_40.csv
27,72,6609,165.225000,168,164,4000000,4012775,heart_072_top_40.csv
28,41,6603,165.075000,169,164,4000000,4012585,heart_041_top_40.csv
29,78,6603,165.075000,168,164,4000000,4011980,heart_078_top_40.csv
30,71,6602,165.050000,167,164,4000000,4012544,heart_071_top_40.csv
31,43,6598,164.950000,169,164,4000000,4012186,heart_043_top_40.csv
32,33,6594,164.850000,167,164,4000000,4012745,heart_033_top_40.csv
33,4,6590,164.750000,166,164,4000000,4012444,heart_004_top_40.csv
34,95,6590,164.750000,166,164,4000000,4012733,heart_095_top_40.csv
35,32,6582,164.550000,167,164,4000000,4012731,heart_032_top_40.csv
36,94,6572,164.300000,167,163,4000000,4012537,heart_094_top_40.csv
37,48,6571,164.275000,167,163,4000000,4012678,heart_048_top_40.csv
38,18,6564,164.100000,166,163,4000000,4012389,heart_018_top_40.csv
39,31,6553,163.825000,167,163,4000000,4012449,heart_031_top_40.csv
40,19,6551,163.775000,169,163,4000000,4012474,heart_019_top_40.csv
41,81,6551,163.775000,167,163,4000000,4012529,heart_081_top_40.csv
42,42,6551,163.775000,166,163,4000000,4012258,heart_042_top_40.csv
43,61,6551,163.775000,166,163,4000000,4012789,heart_061_top_40.csv
44,10,6549,163.725000,167,163,4000000,4012712,heart_010_top_40.csv
45,39,6540,163.500000,166,163,4000000,4012559,heart_039_top_40.csv
46,108,6539,163.475000,165,163,4000000,4012753,heart_108_top_40.csv
47,112,6535,163.375000,165,162,4000000,4012504,heart_112_top_40.csv
48,64,6534,163.350000,165,163,4000000,4012507,heart_064_top_40.csv
49,73,6519,162.975000,166,162,4000000,4012492,heart_073_top_40.csv
50,52,6514,162.850000,166,162,4000000,4012470,heart_052_top_40.csv
51,35,6510,162.750000,165,162,4000000,4012726,heart_035_top_40.csv
52,74,6508,162.700000,166,162,4000000,4012382,heart_074_top_40.csv
53,79,6506,162.650000,164,162,4000000,4012366,heart_079_top_40.csv
54,113,6506,162.650000,166,161,4000000,4012468,heart_113_top_40.csv
55,68,6504,162.600000,166,162,4000000,4012290,heart_068_top_40.csv
56,53,6501,162.525000,165,162,4000000,4012167,heart_053_top_40.csv
57,111,6501,162.525000,165,162,4000000,4012662,heart_111_top_40.csv
58,80,6500,162.500000,165,162,4000000,4012464,heart_080_top_40.csv
59,67,6496,162.400000,165,162,4000000,4012659,heart_067_top_40.csv
60,55,6487,162.175000,164,161,4000000,4012509,heart_055_top_40.csv
61,107,6484,162.100000,166,161,4000000,4013018,heart_107_top_40.csv
62,66,6479,161.975000,164,161,4000000,4012530,heart_066_top_40.csv
63,104,6478,161.950000,165,161,4000000,4012498,heart_104_top_40.csv
64,93,6470,161.750000,166,161,4000000,4012269,heart_093_top_40.csv
65,96,6470,161.750000,164,161,4000000,4012033,heart_096_top_40.csv
66,106,6470,161.750000,164,161,4000000,4012198,heart_106_top_40.csv
67,70,6468,161.700000,165,161,4000000,4012262,heart_070_top_40.csv
68,85,6463,161.575000,164,161,4000000,4012179,heart_085_top_40.csv
69,69,6449,161.225000,162,160,4000000,4013514,heart_069_top_40.csv
70,54,6441,161.025000,165,160,4000000,4012393,heart_054_top_40.csv
71,15,6441,161.025000,164,160,4000000,4012600,heart_015_top_40.csv
72,105,6440,161.000000,165,160,4000000,4012132,heart_105_top_40.csv
73,60,6438,160.950000,163,160,4000000,4011959,heart_060_top_40.csv
74,77,6434,160.850000,164,160,4000000,4012148,heart_077_top_40.csv
75,59,6432,160.800000,164,160,4000000,4012615,heart_059_top_40.csv
76,177,6428,160.700000,163,160,4000000,4012402,heart_177_top_40.csv
77,13,6428,160.700000,162,160,4000000,4012602,heart_013_top_40.csv
78,62,6424,160.600000,162,160,4000000,4012583,heart_062_top_40.csv
79,45,6423,160.575000,163,160,4000000,4012689,heart_045_top_40.csv
80,75,6422,160.550000,164,160,4000000,4012122,heart_075_top_40.csv
81,51,6420,160.500000,164,160,4000000,4012152,heart_051_top_40.csv
82,16,6418,160.450000,163,160,4000000,4012750,heart_016_top_40.csv
83,5,6417,160.425000,163,159,4000000,4012155,heart_005_top_40.csv
84,65,6415,160.375000,163,160,4000000,4012278,heart_065_top_40.csv
85,86,6410,160.250000,162,159,4000000,4013563,heart_086_top_40.csv
86,98,6400,160.000000,163,159,4000000,4012361,heart_098_top_40.csv
87,7,6389,159.725000,162,159,4000000,4012275,heart_007_top_40.csv
88,82,6388,159.700000,162,159,4000000,4012693,heart_082_top_40.csv
89,14,6386,159.650000,161,159,4000000,4012816,heart_014_top_40.csv
90,84,6382,159.550000,162,159,4000000,4012672,heart_084_top_40.csv
91,99,6382,159.550000,162,159,4000000,4012817,heart_099_top_40.csv
92,47,6381,159.525000,163,159,4000000,4011889,heart_047_top_40.csv
93,101,6380,159.500000,163,159,4000000,4012480,heart_101_top_40.csv
94,50,6378,159.450000,162,159,4000000,4012179,heart_050_top_40.csv
95,97,6375,159.375000,161,159,4000000,4012782,heart_097_top_40.csv
96,179,6374,159.350000,161,158,4000000,4012319,heart_179_top_40.csv
97,87,6371,159.275000,163,158,4000000,4012559,heart_087_top_40.csv
98,91,6357,158.925000,162,158,4000000,4012416,heart_091_top_40.csv
99,56,6354,158.850000,162,158,4000000,4012236,heart_056_top_40.csv
100,120,6351,158.775000,161,158,4000000,4012678,heart_120_top_40.csv
101,100,6348,158.700000,160,158,4000000,4012704,heart_100_top_40.csv
102,178,6339,158.475000,162,158,4000000,4012318,heart_178_top_40.csv
103,124,6329,158.225000,159,158,4000000,4012555,heart_124_top_40.csv
104,123,6319,157.975000,159,157,4000000,4012457,heart_123_top_40.csv
105,57,6316,157.900000,160,157,4000000,4012871,heart_057_top_40.csv
106,102,6313,157.825000,161,157,4000000,4012512,heart_102_top_40.csv
107,132,6309,157.725000,161,157,4000000,4012432,heart_132_top_40.csv
108,121,6307,157.675000,160,157,4000000,4012206,heart_121_top_40.csv
109,119,6301,157.525000,161,157,4000000,4012620,heart_119_top_40.csv
110,88,6300,157.500000,161,157,4000000,4012553,heart_088_top_40.csv
111,116,6293,157.325000,159,156,4000000,4012668,heart_116_top_40.csv
112,92,6278,156.950000,160,156,4000000,4012563,heart_092_top_40.csv
113,114,6273,156.825000,159,156,4000000,4012925,heart_114_top_40.csv
114,118,6266,156.650000,158,156,4000000,4012665,heart_118_top_40.csv
115,83,6264,156.600000,161,156,4000000,4012628,heart_083_top_40.csv
116,125,6261,156.525000,158,156,4000000,4012582,heart_125_top_40.csv
117,115,6258,156.450000,160,156,4000000,4012621,heart_115_top_40.csv
118,139,6240,156.000000,159,155,4000000,4012974,heart_139_top_40.csv
119,90,6239,155.975000,158,155,4000000,4012099,heart_090_top_40.csv
120,103,6238,155.950000,160,155,4000000,4012867,heart_103_top_40.csv
121,89,6236,155.900000,161,155,4000000,4012331,heart_089_top_40.csv
122,117,6225,155.625000,158,155,4000000,4012281,heart_117_top_40.csv
123,110,6223,155.575000,157,155,4000000,4012759,heart_110_top_40.csv
124,122,6209,155.225000,157,154,4000000,4012571,heart_122_top_40.csv
125,134,6203,155.075000,158,154,4000000,4012302,heart_134_top_40.csv
126,156,6186,154.650000,157,154,4000000,4012505,heart_156_top_40.csv
127,140,6184,154.600000,158,154,4000000,4012477,heart_140_top_40.csv
128,138,6182,154.550000,156,154,4000000,4012272,heart_138_top_40.csv
129,129,6176,154.400000,156,154,4000000,4012537,heart_129_top_40.csv
130,155,6176,154.400000,156,154,4000000,4012410,heart_155_top_40.csv
131,23,6140,153.500000,156,153,4000000,4012419,heart_023_top_40.csv
132,148,6140,153.500000,156,153,4000000,4012545,heart_148_top_40.csv
133,136,6137,153.425000,156,152,4000000,4012613,heart_136_top_40.csv
134,162,6132,153.300000,156,153,4000000,4012417,heart_162_top_40.csv
135,153,6120,153.000000,155,152,4000000,4012775,heart_153_top_40.csv
136,128,6111,152.775000,154,152,4000000,4011934,heart_128_top_40.csv
137,142,6108,152.700000,156,152,4000000,4012254,heart_142_top_40.csv
138,141,6108,152.700000,156,151,4000000,4012777,heart_141_top_40.csv
139,135,6100,152.500000,156,152,4000000,4012154,heart_135_top_40.csv
140,109,6099,152.475000,155,152,4000000,4012324,heart_109_top_40.csv
141,131,6094,152.350000,155,151,4000000,4012192,heart_131_top_40.csv
142,126,6091,152.275000,154,151,4000000,4012596,heart_126_top_40.csv
143,158,6081,152.025000,154,151,4000000,4012422,heart_158_top_40.csv
144,137,6072,151.800000,153,151,4000000,4012469,heart_137_top_40.csv
145,160,6069,151.725000,154,151,4000000,4012643,heart_160_top_40.csv
146,143,6064,151.600000,154,151,4000000,4011951,heart_143_top_40.csv
147,149,6058,151.450000,153,151,4000000,4012446,heart_149_top_40.csv
148,173,6056,151.400000,155,151,4000000,4012112,heart_173_top_40.csv
149,146,6056,151.400000,153,151,4000000,4012694,heart_146_top_40.csv
150,145,6055,151.375000,154,151,4000000,4012399,heart_145_top_40.csv
151,172,6044,151.100000,154,150,4000000,4012604,heart_172_top_40.csv
152,170,6030,150.750000,154,150,4000000,4012257,heart_170_top_40.csv
153,165,6030,150.750000,153,150,4000000,4012606,heart_165_top_40.csv
154,166,6023,150.575000,154,150,4000000,4012698,heart_166_top_40.csv
155,130,6021,150.525000,153,150,4000000,4012693,heart_130_top_40.csv
156,151,6020,150.500000,151,150,4000000,4012511,heart_151_top_40.csv
157,171,6017,150.425000,153,150,4000000,4012389,heart_171_top_40.csv
158,133,6017,150.425000,153,149,4000000,4012306,heart_133_top_40.csv
159,127,6004,150.100000,152,149,4000000,4012050,heart_127_top_40.csv
160,144,6004,150.100000,152,149,4000000,4012496,heart_144_top_40.csv
161,161,5999,149.975000,153,149,4000000,4012896,heart_161_top_40.csv
162,150,5992,149.800000,152,149,4000000,4012113,heart_150_top_40.csv
163,157,5992,149.800000,152,149,4000000,4012609,heart_157_top_40.csv
164,159,5979,149.475000,152,149,4000000,4012694,heart_159_top_40.csv
165,168,5970,149.250000,151,149,4000000,4012351,heart_168_top_40.csv
166,169,5954,148.850000,151,148,4000000,4012694,heart_169_top_40.csv
167,147,5949,148.725000,150,148,4000000,4012201,heart_147_top_40.csv
168,152,5945,148.625000,150,148,4000000,4012465,heart_152_top_40.csv
169,24,5944,148.600000,151,148,4000000,4012268,heart_024_top_40.csv
170,25,5940,148.500000,150,148,4000000,4012368,heart_025_top_40.csv
171,174,5934,148.350000,150,148,4000000,4012220,heart_174_top_40.csv
172,164,5907,147.675000,150,147,4000000,4012534,heart_164_top_40.csv
173,27,5906,147.650000,150,147,4000000,4012365,heart_027_top_40.csv
174,175,5891,147.275000,150,146,4000000,4012478,heart_175_top_40.csv
175,154,5872,146.800000,149,146,4000000,4012283,heart_154_top_40.csv
176,176,5871,146.775000,148,146,4000000,4011914,heart_176_top_40.csv
177,163,5868,146.700000,149,146,4000000,4012708,heart_163_top_40.csv
178,167,5815,145.375000,148,144,4000000,4012416,heart_167_top_40.csv
179,28,5801,145.025000,148,144,4000000,4012332,heart_028_top_40.csv
180,26,5788,144.700000,147,143,4000000,4012387,heart_026_top_40.csv
