rank,heart_index,top_10_average,top_10_sum,best_score,tenth_score,top_40_sum,source_csv
1,003,176.7,1767,180,175,6997,heart_003_top_40.csv
2,002,176.1,1761,177,176,7015,heart_002_top_40.csv
3,017,171.8,1718,173,171,6808,heart_017_top_40.csv
4,029,171.6,1716,174,170,6797,heart_029_top_40.csv
5,037,171.1,1711,174,170,6774,heart_037_top_40.csv
6,022,171.0,1710,171,171,6806,heart_022_top_40.csv
7,006,170.2,1702,171,170,6774,heart_006_top_40.csv
8,021,170.0,1700,171,169,6768,heart_021_top_40.csv
9,036,169.9,1699,173,169,6723,heart_036_top_40.csv
10,020,169.1,1691,170,169,6734,heart_020_top_40.csv
11,058,168.9,1689,171,168,6696,heart_058_top_40.csv
12,001,168.4,1684,170,168,6687,heart_001_top_40.csv
13,009,168.4,1684,170,167,6681,heart_009_top_40.csv
14,000,168.1,1681,169,168,6685,heart_000_top_40.csv
15,030,167.7,1677,170,167,6665,heart_030_top_40.csv
16,076,167.6,1676,169,167,6658,heart_076_top_40.csv
17,038,167.4,1674,169,167,6639,heart_038_top_40.csv
18,034,167.1,1671,169,166,6648,heart_034_top_40.csv
19,044,167.1,1671,169,166,6647,heart_044_top_40.csv
20,041,166.9,1669,169,166,6603,heart_041_top_40.csv
21,008,166.9,1669,168,166,6625,heart_008_top_40.csv
22,012,166.8,1668,169,166,6618,heart_012_top_40.csv
23,046,166.6,1666,168,166,6621,heart_046_top_40.csv
24,049,166.5,1665,168,166,6623,heart_049_top_40.csv
25,063,166.5,1665,168,166,6612,heart_063_top_40.csv
26,043,166.4,1664,169,165,6598,heart_043_top_40.csv
27,040,166.4,1664,168,166,6617,heart_040_top_40.csv
28,072,166.4,1664,168,165,6609,heart_072_top_40.csv
29,011,166.3,1663,167,166,6615,heart_011_top_40.csv
30,071,166.3,1663,167,165,6602,heart_071_top_40.csv
31,078,166.2,1662,168,166,6603,heart_078_top_40.csv
32,033,165.8,1658,167,165,6594,heart_033_top_40.csv
33,094,165.8,1658,167,165,6572,heart_094_top_40.csv
34,048,165.7,1657,167,165,6571,heart_048_top_40.csv
35,095,165.7,1657,166,165,6590,heart_095_top_40.csv
36,032,165.4,1654,167,165,6582,heart_032_top_40.csv
37,019,165.3,1653,169,164,6551,heart_019_top_40.csv
38,004,165.2,1652,166,165,6590,heart_004_top_40.csv
39,010,165.1,1651,167,164,6549,heart_010_top_40.csv
40,031,165.0,1650,167,164,6553,heart_031_top_40.csv
41,018,165.0,1650,166,164,6564,heart_018_top_40.csv
42,081,164.8,1648,167,164,6551,heart_081_top_40.csv
43,042,164.8,1648,166,164,6551,heart_042_top_40.csv
44,061,164.7,1647,166,164,6551,heart_061_top_40.csv
45,039,164.5,1645,166,164,6540,heart_039_top_40.csv
46,108,164.5,1645,165,164,6539,heart_108_top_40.csv
47,073,164.2,1642,166,163,6519,heart_073_top_40.csv
48,113,164.2,1642,166,163,6506,heart_113_top_40.csv
49,064,164.2,1642,165,164,6534,heart_064_top_40.csv
50,052,164.1,1641,166,163,6514,heart_052_top_40.csv
51,112,164.1,1641,165,164,6535,heart_112_top_40.csv
52,068,164.0,1640,166,163,6504,heart_068_top_40.csv
53,074,163.8,1638,166,163,6508,heart_074_top_40.csv
54,035,163.8,1638,165,163,6510,heart_035_top_40.csv
55,053,163.5,1635,165,163,6501,heart_053_top_40.csv
56,067,163.5,1635,165,163,6496,heart_067_top_40.csv
57,080,163.5,1635,165,163,6500,heart_080_top_40.csv
58,111,163.4,1634,165,163,6501,heart_111_top_40.csv
59,107,163.3,1633,166,162,6484,heart_107_top_40.csv
60,104,163.3,1633,165,162,6478,heart_104_top_40.csv
61,079,163.3,1633,164,163,6506,heart_079_top_40.csv
62,093,163.1,1631,166,162,6470,heart_093_top_40.csv
63,055,163.1,1631,164,162,6487,heart_055_top_40.csv
64,066,163.1,1631,164,162,6479,heart_066_top_40.csv
65,106,162.9,1629,164,162,6470,heart_106_top_40.csv
66,070,162.8,1628,165,162,6468,heart_070_top_40.csv
67,085,162.8,1628,164,162,6463,heart_085_top_40.csv
68,054,162.7,1627,165,161,6441,heart_054_top_40.csv
69,096,162.7,1627,164,162,6470,heart_096_top_40.csv
70,105,162.2,1622,165,161,6440,heart_105_top_40.csv
71,015,162.2,1622,164,161,6441,heart_015_top_40.csv
72,059,162.2,1622,164,161,6432,heart_059_top_40.csv
73,060,162.1,1621,163,162,6438,heart_060_top_40.csv
74,069,162.0,1620,162,162,6449,heart_069_top_40.csv
75,075,161.8,1618,164,161,6422,heart_075_top_40.csv
76,077,161.8,1618,164,161,6434,heart_077_top_40.csv
77,051,161.7,1617,164,161,6420,heart_051_top_40.csv
78,016,161.7,1617,163,161,6418,heart_016_top_40.csv
79,005,161.6,1616,163,161,6417,heart_005_top_40.csv
80,045,161.6,1616,163,161,6423,heart_045_top_40.csv
81,013,161.5,1615,162,161,6428,heart_013_top_40.csv
82,065,161.4,1614,163,161,6415,heart_065_top_40.csv
83,177,161.4,1614,163,161,6428,heart_177_top_40.csv
84,062,161.4,1614,162,161,6424,heart_062_top_40.csv
85,086,161.4,1614,162,161,6410,heart_086_top_40.csv
86,098,161.3,1613,163,160,6400,heart_098_top_40.csv
87,082,161.3,1613,162,161,6388,heart_082_top_40.csv
88,047,160.6,1606,163,160,6381,heart_047_top_40.csv
89,101,160.6,1606,163,160,6380,heart_101_top_40.csv
90,084,160.6,1606,162,160,6382,heart_084_top_40.csv
91,099,160.6,1606,162,160,6382,heart_099_top_40.csv
92,014,160.6,1606,161,160,6386,heart_014_top_40.csv
93,007,160.5,1605,162,160,6389,heart_007_top_40.csv
94,050,160.5,1605,162,160,6378,heart_050_top_40.csv
95,179,160.5,1605,161,160,6374,heart_179_top_40.csv
96,087,160.3,1603,163,160,6371,heart_087_top_40.csv
97,097,160.2,1602,161,160,6375,heart_097_top_40.csv
98,056,160.1,1601,162,159,6354,heart_056_top_40.csv
99,091,160.1,1601,162,159,6357,heart_091_top_40.csv
100,120,159.7,1597,161,159,6351,heart_120_top_40.csv
101,178,159.4,1594,162,159,6339,heart_178_top_40.csv
102,100,159.3,1593,160,159,6348,heart_100_top_40.csv
103,119,159.0,1590,161,158,6301,heart_119_top_40.csv
104,132,159.0,1590,161,158,6309,heart_132_top_40.csv
105,057,158.9,1589,160,158,6316,heart_057_top_40.csv
106,124,158.9,1589,159,158,6329,heart_124_top_40.csv
107,102,158.8,1588,161,158,6313,heart_102_top_40.csv
108,123,158.8,1588,159,158,6319,heart_123_top_40.csv
109,088,158.6,1586,161,158,6300,heart_088_top_40.csv
110,121,158.5,1585,160,158,6307,heart_121_top_40.csv
111,116,158.4,1584,159,158,6293,heart_116_top_40.csv
112,092,158.2,1582,160,157,6278,heart_092_top_40.csv
113,083,157.8,1578,161,157,6264,heart_083_top_40.csv
114,115,157.8,1578,160,156,6258,heart_115_top_40.csv
115,114,157.7,1577,159,157,6273,heart_114_top_40.csv
116,118,157.7,1577,158,157,6266,heart_118_top_40.csv
117,103,157.5,1575,160,156,6238,heart_103_top_40.csv
118,089,157.4,1574,161,156,6236,heart_089_top_40.csv
119,125,157.4,1574,158,157,6261,heart_125_top_40.csv
120,090,157.3,1573,158,156,6239,heart_090_top_40.csv
121,139,157.1,1571,159,156,6240,heart_139_top_40.csv
122,110,156.8,1568,157,156,6223,heart_110_top_40.csv
123,117,156.5,1565,158,156,6225,heart_117_top_40.csv
124,134,156.2,1562,158,155,6203,heart_134_top_40.csv
125,156,156.2,1562,157,156,6186,heart_156_top_40.csv
126,122,156.1,1561,157,156,6209,heart_122_top_40.csv
127,140,155.7,1557,158,155,6184,heart_140_top_40.csv
128,155,155.5,1555,156,155,6176,heart_155_top_40.csv
129,138,155.4,1554,156,155,6182,heart_138_top_40.csv
130,129,155.3,1553,156,155,6176,heart_129_top_40.csv
131,023,154.6,1546,156,154,6140,heart_023_top_40.csv
132,136,154.6,1546,156,154,6137,heart_136_top_40.csv
133,148,154.6,1546,156,154,6140,heart_148_top_40.csv
134,141,154.2,1542,156,153,6108,heart_141_top_40.csv
135,142,154.2,1542,156,153,6108,heart_142_top_40.csv
136,162,154.2,1542,156,153,6132,heart_162_top_40.csv
137,153,154.1,1541,155,154,6120,heart_153_top_40.csv
138,131,153.8,1538,155,153,6094,heart_131_top_40.csv
139,135,153.7,1537,156,153,6100,heart_135_top_40.csv
140,109,153.5,1535,155,153,6099,heart_109_top_40.csv
141,126,153.5,1535,154,153,6091,heart_126_top_40.csv
142,128,153.3,1533,154,153,6111,heart_128_top_40.csv
143,160,152.9,1529,154,152,6069,heart_160_top_40.csv
144,158,152.8,1528,154,152,6081,heart_158_top_40.csv
145,137,152.8,1528,153,152,6072,heart_137_top_40.csv
146,143,152.6,1526,154,152,6064,heart_143_top_40.csv
147,173,152.5,1525,155,152,6056,heart_173_top_40.csv
148,146,152.5,1525,153,152,6056,heart_146_top_40.csv
149,149,152.4,1524,153,152,6058,heart_149_top_40.csv
150,145,152.3,1523,154,152,6055,heart_145_top_40.csv
151,172,152.1,1521,154,151,6044,heart_172_top_40.csv
152,166,152.0,1520,154,151,6023,heart_166_top_40.csv
153,170,152.0,1520,154,151,6030,heart_170_top_40.csv
154,165,151.9,1519,153,151,6030,heart_165_top_40.csv
155,133,151.8,1518,153,151,6017,heart_133_top_40.csv
156,130,151.6,1516,153,151,6021,heart_130_top_40.csv
157,171,151.4,1514,153,151,6017,heart_171_top_40.csv
158,144,151.4,1514,152,151,6004,heart_144_top_40.csv
159,161,151.3,1513,153,150,5999,heart_161_top_40.csv
160,127,151.3,1513,152,151,6004,heart_127_top_40.csv
161,151,151.0,1510,151,151,6020,heart_151_top_40.csv
162,157,150.9,1509,152,150,5992,heart_157_top_40.csv
163,150,150.7,1507,152,150,5992,heart_150_top_40.csv
164,159,150.5,1505,152,150,5979,heart_159_top_40.csv
165,168,150.0,1500,151,149,5970,heart_168_top_40.csv
166,169,149.8,1498,151,149,5954,heart_169_top_40.csv
167,024,149.7,1497,151,149,5944,heart_024_top_40.csv
168,147,149.7,1497,150,149,5949,heart_147_top_40.csv
169,025,149.3,1493,150,149,5940,heart_025_top_40.csv
170,174,149.3,1493,150,149,5934,heart_174_top_40.csv
171,152,149.2,1492,150,149,5945,heart_152_top_40.csv
172,027,148.9,1489,150,148,5906,heart_027_top_40.csv
173,164,148.7,1487,150,148,5907,heart_164_top_40.csv
174,175,148.6,1486,150,148,5891,heart_175_top_40.csv
175,154,147.9,1479,149,147,5872,heart_154_top_40.csv
176,176,147.8,1478,148,147,5871,heart_176_top_40.csv
177,163,147.7,1477,149,147,5868,heart_163_top_40.csv
178,167,146.8,1468,148,146,5815,heart_167_top_40.csv
179,028,145.9,1459,148,145,5801,heart_028_top_40.csv
180,026,145.9,1459,147,145,5788,heart_026_top_40.csv
